job_id,arrival_time,duration,res_0,res_1
0,0,15,1,1
1,0,15,1,1
2,0,15,1,1
3,0,15,1,1
4,0,12,1,1
5,1,15,1,1
6,2,15,1,1
7,2,1,1,1
8,2,15,1,1
9,2,15,1,1
10,2,15,1,1
11,2,15,1,1
12,2,6,1,1
13,3,15,1,1
14,3,3,1,1
15,3,15,1,1
16,4,15,1,1
17,4,15,1,1
18,4,15,1,1
19,4,15,1,1
20,4,15,1,1
21,4,12,1,1
22,4,15,1,1
23,4,15,1,1
24,4,15,1,1
25,5,15,1,1
26,5,15,1,1
27,5,15,1,1
28,5,15,1,1
29,5,15,1,1
30,5,15,1,1
31,5,15,1,1
32,5,15,1,1
33,5,11,1,1
34,5,15,1,1
35,5,15,1,1
36,5,15,1,1
37,6,15,1,1
38,6,15,1,1
39,6,15,1,1
40,6,15,1,1
41,6,15,1,1
42,6,15,1,1
43,6,2,1,1
44,6,3,1,1
45,7,15,1,1
46,7,3,1,1
47,7,15,1,1
48,8,15,1,1
49,8,15,1,1
50,8,15,1,1
51,8,15,1,1
52,8,15,1,1
53,8,15,1,1
54,8,15,1,1
55,8,1,1,1
56,8,15,1,1
57,8,15,1,1
58,8,15,1,1
59,8,9,1,1
60,8,15,1,1
61,8,15,1,1
62,8,15,1,1
63,9,7,1,1
64,9,4,1,1
65,9,15,1,1
66,9,6,1,1
67,9,11,1,1
68,9,15,1,1
69,9,6,1,1
70,9,15,1,1
71,9,15,1,1
72,10,15,1,1
73,10,15,1,1
74,10,15,1,1
75,10,15,1,1
76,10,15,1,1
77,10,2,1,1
78,10,10,1,1
79,10,7,1,1
80,10,2,1,1
81,10,15,1,1
82,12,15,1,1
83,12,15,1,1
84,12,8,1,1
85,12,9,1,1
86,12,15,1,1
87,12,15,1,1
88,12,8,1,1
89,12,4,1,1
90,12,5,1,1
91,13,15,1,1
92,13,15,1,1
93,13,15,1,1
94,13,15,1,1
95,13,10,1,1
96,14,15,1,1
97,14,15,1,1
98,14,15,1,1
99,15,15,1,1
100,15,3,1,1
101,15,15,1,1
102,16,15,1,1
103,16,15,1,1
104,16,15,1,1
105,16,15,1,1
106,16,15,1,1
107,16,15,1,1
108,16,6,1,1
109,16,15,1,1
110,16,1,1,1
111,16,6,1,1
112,16,15,1,1
113,16,15,1,1
114,16,15,1,1
115,16,15,1,1
116,16,15,1,1
117,16,15,1,1
118,16,1,1,1
119,16,15,1,1
120,16,15,1,1
121,19,2,1,1
122,19,15,1,1
123,20,4,1,1
124,20,15,1,1
125,20,15,1,1
126,20,15,1,1
127,20,15,1,1
128,20,15,1,1
129,21,15,1,1
130,21,15,1,1
131,21,15,1,1
132,21,15,1,1
133,21,15,1,1
134,23,15,1,1
135,23,15,1,1
136,23,4,1,1
137,24,5,1,1
138,24,15,1,1
139,24,15,1,1
140,24,15,1,1
141,24,15,1,1
142,24,9,1,1
143,24,4,1,1
144,24,15,1,1
145,24,15,1,1
146,25,15,1,1
147,25,15,1,1
148,25,15,1,1
149,25,15,1,1
150,25,15,1,1
151,25,15,1,1
152,25,15,1,1
153,25,15,1,1
154,25,15,1,1
155,25,15,1,1
156,25,15,1,1
157,25,15,1,1
158,25,15,1,1
159,25,15,1,1
160,25,15,1,1
161,25,15,1,1
162,25,15,1,1
163,25,15,1,1
164,25,15,1,1
165,25,15,1,1
166,25,15,1,1
167,25,15,1,1
168,25,15,1,1
169,25,15,1,1
170,25,15,1,1
171,25,15,1,1
172,25,15,1,1
173,25,15,1,1
174,25,15,1,1
175,25,15,1,1
176,25,15,1,1
177,25,15,1,1
178,25,15,1,1
179,25,15,1,1
180,25,15,1,1
181,25,15,1,1
182,25,15,1,1
183,25,15,1,1
184,25,15,1,1
185,25,15,1,1
186,25,15,1,1
187,25,1,1,1
188,25,1,1,1
189,25,1,1,1
190,25,1,1,1
191,25,1,1,1
192,25,1,1,1
193,25,1,1,1
194,25,1,1,1
195,25,1,1,1
196,25,1,1,1
197,25,1,1,1
198,25,1,1,1
199,25,1,1,1
200,25,1,1,1
201,25,1,1,1
202,25,1,1,1
203,25,1,1,1
204,25,1,1,1
205,25,11,1,1
206,25,15,1,1
207,25,1,1,1
208,26,15,1,1
209,26,15,1,1
210,26,15,1,1
211,26,2,1,1
212,26,15,1,1
213,26,3,1,1
214,26,15,1,1
215,26,15,1,1
216,27,3,1,1
217,27,8,1,1
218,27,15,1,1
219,27,15,1,1
220,27,15,1,1
221,27,10,1,1
222,27,15,1,1
223,28,15,1,1
224,28,15,1,1
225,28,15,1,1
226,28,4,1,1
227,28,11,1,1
228,28,15,1,1
229,28,15,1,1
230,28,15,1,1
231,28,7,1,1
232,28,7,1,1
233,29,15,1,1
234,29,15,1,1
235,29,15,1,1
236,29,15,1,1
237,29,10,1,1
238,30,15,1,1
239,30,15,1,1
240,30,15,1,1
241,30,15,1,1
242,30,7,1,1
243,30,1,1,1
244,30,6,1,1
245,30,15,1,1
246,30,11,1,1
247,30,15,1,1
248,30,15,1,1
249,31,15,1,1
250,31,15,1,1
251,31,7,1,1
252,31,15,1,1
253,32,6,1,1
254,32,15,1,1
255,33,15,1,1
256,33,15,1,1
257,33,15,1,1
258,33,13,1,1
259,34,10,1,1
260,34,10,1,1
261,34,15,1,1
262,34,15,1,1
263,35,9,1,1
264,35,11,1,1
265,36,13,1,1
266,36,15,1,1
267,36,15,1,1
268,36,15,1,1
269,36,15,1,1
270,36,6,1,1
271,36,15,1,1
272,36,15,1,1
273,36,10,1,1
274,36,15,1,1
275,37,6,1,1
276,37,10,1,1
277,37,15,1,1
278,37,13,1,1
279,37,6,1,1
280,37,15,1,1
281,37,2,1,1
282,37,15,1,1
283,37,15,1,1
284,38,8,1,1
285,38,15,1,1
286,38,10,1,1
287,38,15,1,1
288,38,10,1,1
289,38,15,1,1
290,38,15,1,1
291,39,9,1,1
292,39,15,1,1
293,40,1,1,1
294,40,15,1,1
295,40,9,1,1
296,40,15,1,1
297,40,8,1,1
298,40,15,1,1
299,41,15,1,1
300,42,15,1,1
301,42,15,1,1
302,43,15,1,1
303,43,15,1,1
304,43,1,1,1
305,44,8,1,1
306,44,1,1,1
307,44,11,1,1
308,44,15,1,1
309,44,9,1,1
310,44,5,1,1
311,44,11,1,1
312,44,15,1,1
313,45,15,1,1
314,45,1,1,1
315,45,1,1,1
316,45,15,1,1
317,45,15,1,1
318,45,15,1,1
319,45,15,1,1
320,45,15,1,1
321,45,15,1,1
322,46,1,1,1
323,46,1,1,1
324,46,1,1,1
325,46,7,1,1
326,46,15,1,1
327,46,15,1,1
328,46,15,1,1
329,46,15,1,1
330,46,15,1,1
331,46,15,1,1
332,46,1,1,1
333,46,1,1,1
334,47,1,1,1
335,47,15,1,1
336,47,3,1,1
337,47,15,1,1
338,47,15,1,1
339,47,15,1,1
340,47,15,1,1
341,47,15,1,1
342,47,15,1,1
343,47,3,1,1
344,47,15,1,1
345,47,15,1,1
346,47,1,1,1
347,47,1,1,1
348,48,1,1,1
349,48,1,1,1
350,48,15,1,1
351,48,15,1,1
352,48,1,1,1
353,50,1,1,1
354,50,1,1,1
355,50,1,1,1
356,50,1,1,1
357,50,15,1,1
358,50,15,1,1
359,50,1,1,1
360,51,1,1,1
361,51,15,1,1
362,51,15,1,1
363,51,9,1,1
364,51,15,1,1
365,52,1,1,1
366,52,1,1,1
367,53,15,1,1
368,53,1,1,1
369,55,3,1,1
370,55,15,1,1
371,55,1,1,1
372,55,2,1,1
373,55,15,1,1
374,56,1,1,1
375,57,1,1,1
376,58,15,3,1
377,59,4,1,1
378,59,1,1,1
379,59,1,1,1
380,60,3,1,1
381,63,1,1,1
382,63,11,1,1
383,63,1,1,1
384,63,1,1,1
385,64,1,1,1
386,64,1,1,1
387,65,1,1,1
388,66,1,1,1
389,67,15,1,1
390,67,15,1,1
391,68,1,1,1
392,69,1,1,1
393,69,1,1,1
394,69,7,1,1
395,69,1,1,1
396,69,1,1,1
397,69,5,1,1
398,70,1,1,1
399,71,4,1,1
400,73,1,1,1
401,74,1,1,1
402,74,1,1,1
403,74,6,1,1
404,74,15,1,1
405,74,12,1,1
406,75,1,1,1
407,75,7,1,1
408,75,1,1,1
409,76,15,1,1
410,78,1,1,1
411,78,1,1,1
412,78,1,1,1
413,79,1,1,1
414,82,1,1,1
415,82,1,1,1
416,83,1,1,1
417,83,15,1,1
418,84,1,1,1
419,84,1,1,1
420,85,1,1,1
421,86,1,1,1
422,86,15,1,1
423,86,1,1,1
424,87,1,1,1
425,88,1,1,1
426,88,1,1,1
427,89,14,1,1
428,90,1,1,1
429,91,1,1,1
430,93,1,1,1
431,93,1,1,1
432,94,3,1,1
433,94,1,1,1
434,96,1,1,1
435,96,1,1,1
436,97,1,1,1
437,98,1,1,1
438,98,1,1,1
439,101,1,1,1
440,102,1,1,1
441,103,1,1,1
442,103,1,1,1
443,104,1,1,1
444,104,1,1,1
445,104,1,1,1
446,105,1,1,1
447,106,1,1,1
448,106,1,1,1
449,106,1,1,1
450,108,3,1,1
451,109,1,1,1
452,109,1,1,1
453,109,1,1,1
454,110,3,1,1
455,110,3,1,1
456,110,3,1,1
457,110,3,1,1
458,110,3,1,1
459,110,3,1,1
460,110,3,1,1
461,110,3,1,1
462,110,3,1,1
463,110,3,1,1
464,110,3,1,1
465,110,2,1,1
466,110,1,1,1
467,110,1,1,1
468,110,2,1,1
469,110,1,1,1
470,110,1,1,1
471,110,2,1,1
472,110,1,1,1
473,110,2,1,1
474,110,1,1,1
475,110,1,1,1
476,110,1,1,1
477,110,3,1,1
478,110,1,1,1
479,110,3,1,1
480,110,1,1,1
481,112,4,1,1
482,113,1,1,1
483,115,1,1,1
484,116,1,1,1
485,117,1,1,1
486,117,1,1,1
487,118,1,1,1
488,119,1,1,1
489,120,1,1,1
490,120,1,1,1
491,121,1,1,1
492,121,2,1,1
493,121,1,1,1
494,122,1,1,1
495,122,1,1,1
496,122,1,1,1
497,123,1,1,1
498,125,1,1,1
499,125,1,1,1
500,125,1,1,1
501,125,1,1,1
502,126,1,1,1
503,127,1,1,1
504,129,1,1,1
505,129,1,1,1
506,130,1,1,1
507,131,1,1,1
508,132,1,1,1
509,132,1,1,1
510,132,1,1,1
511,133,1,1,1
512,133,15,1,1
513,133,2,1,1
514,133,1,1,1
515,135,1,1,1
516,136,1,1,1
517,137,1,1,1
518,139,1,1,1
519,139,1,1,1
520,139,1,1,1
521,140,15,1,1
522,140,1,1,1
523,144,1,1,1
524,145,1,1,1
525,146,1,1,1
526,146,1,1,1
527,146,1,1,1
528,148,1,1,1
529,149,1,1,1
530,149,1,1,1
531,149,1,1,1
532,150,1,1,1
533,151,1,1,1
534,152,15,1,1
535,153,1,1,1
536,153,1,1,1
537,153,1,1,1
538,155,1,1,1
539,155,1,1,1
540,156,3,1,1
541,157,1,1,1
542,157,1,1,1
543,157,1,1,1
544,157,1,1,1
545,157,1,1,1
546,157,1,1,1
547,158,15,1,1
548,158,1,1,1
549,159,1,1,1
550,160,1,1,1
551,160,1,1,1
552,161,1,1,1
553,162,1,1,1
554,163,1,1,1
555,165,1,1,1
556,166,1,1,1
557,166,1,1,1
558,166,1,1,1
559,169,1,1,1
560,169,1,1,1
561,171,1,1,1
562,172,1,1,1
563,172,15,1,1
564,175,1,1,1
565,175,1,1,1
566,175,15,2,1
567,175,15,1,1
568,175,1,1,1
569,177,15,1,1
570,177,15,1,1
571,177,1,1,1
572,177,1,1,1
573,178,1,1,1
574,179,1,1,1
575,180,1,1,1
576,180,6,1,1
577,180,1,1,1
578,181,1,1,1
579,181,1,1,1
580,181,1,1,1
581,182,1,1,1
582,182,1,1,1
583,182,1,1,1
584,182,1,1,1
585,182,2,1,1
586,182,15,1,1
587,182,1,1,1
588,182,1,1,1
589,183,1,1,1
590,184,1,1,1
591,184,1,1,1
592,184,1,1,1
593,184,1,1,1
594,184,1,1,1
595,184,1,1,1
596,184,1,1,1
597,184,1,1,1
598,184,1,1,1
599,184,1,1,1
600,184,1,1,1
601,184,1,1,1
602,184,1,1,1
603,184,1,1,1
604,184,1,1,1
605,184,1,1,1
606,184,1,1,1
607,184,1,1,1
608,184,1,1,1
609,184,1,1,1
610,184,1,1,1
611,184,1,1,1
612,184,1,1,1
613,184,1,1,1
614,184,1,1,1
615,184,1,1,1
616,184,1,1,1
617,184,1,1,1
618,184,1,1,1
619,184,1,1,1
620,184,1,1,1
621,184,1,1,1
622,184,1,1,1
623,184,1,1,1
624,184,1,1,1
625,184,1,1,1
626,184,1,1,1
627,184,1,1,1
628,184,1,1,1
629,184,1,1,1
630,184,1,1,1
631,184,1,1,1
632,184,1,1,1
633,184,1,1,1
634,184,1,1,1
635,184,1,1,1
636,184,1,1,1
637,184,4,1,1
638,184,4,1,1
639,184,5,1,1
640,184,10,1,1
641,184,6,1,1
642,184,10,1,1
643,184,4,1,1
644,184,7,1,1
645,184,9,1,1
646,184,7,1,1
647,184,7,1,1
648,184,8,1,1
649,184,7,1,1
650,184,9,1,1
651,184,7,1,1
652,184,7,1,1
653,184,7,1,1
654,184,8,1,1
655,184,9,1,1
656,184,15,1,1
657,184,4,1,1
658,184,15,1,1
659,184,8,1,1
660,184,8,1,1
661,184,7,1,1
662,184,10,1,1
663,184,7,1,1
664,184,7,1,1
665,184,8,1,1
666,184,8,1,1
667,184,7,1,1
668,184,7,1,1
669,184,13,1,1
670,184,7,1,1
671,184,7,1,1
672,184,8,1,1
673,184,7,1,1
674,184,7,1,1
675,184,7,1,1
676,184,8,1,1
677,184,11,1,1
678,184,7,1,1
679,184,9,1,1
680,184,10,1,1
681,184,7,1,1
682,184,7,1,1
683,184,10,1,1
684,184,7,1,1
685,184,7,1,1
686,184,8,1,1
687,184,7,1,1
688,184,7,1,1
689,184,7,1,1
690,184,14,1,1
691,184,7,1,1
692,184,7,1,1
693,184,9,1,1
694,184,7,1,1
695,184,8,1,1
696,184,10,1,1
697,184,7,1,1
698,184,7,1,1
699,184,14,1,1
700,184,7,1,1
701,184,9,1,1
702,184,7,1,1
703,184,9,1,1
704,184,10,1,1
705,184,7,1,1
706,184,7,1,1
707,184,15,1,1
708,184,7,1,1
709,184,7,1,1
710,184,7,1,1
711,184,10,1,1
712,184,7,1,1
713,184,8,1,1
714,184,7,1,1
715,184,7,1,1
716,184,7,1,1
717,184,7,1,1
718,184,7,1,1
719,184,7,1,1
720,184,9,1,1
721,184,15,1,1
722,184,7,1,1
723,184,7,1,1
724,184,8,1,1
725,184,8,1,1
726,184,7,1,1
727,184,7,1,1
728,184,9,1,1
729,184,7,1,1
730,184,7,1,1
731,184,15,1,1
732,184,7,1,1
733,184,8,1,1
734,184,8,1,1
735,184,8,1,1
736,184,7,1,1
737,184,7,1,1
738,184,7,1,1
739,184,9,1,1
740,184,7,1,1
741,184,15,1,1
742,184,8,1,1
743,184,7,1,1
744,184,7,1,1
745,184,7,1,1
746,184,7,1,1
747,184,7,1,1
748,184,9,1,1
749,184,8,1,1
750,184,7,1,1
751,184,7,1,1
752,184,7,1,1
753,184,7,1,1
754,184,7,1,1
755,184,7,1,1
756,184,7,1,1
757,184,7,1,1
758,184,7,1,1
759,184,15,1,1
760,184,7,1,1
761,184,7,1,1
762,184,7,1,1
763,184,15,1,1
764,184,8,1,1
765,184,8,1,1
766,184,8,1,1
767,184,7,1,1
768,184,8,1,1
769,184,9,1,1
770,184,7,1,1
771,184,10,1,1
772,184,7,1,1
773,184,7,1,1
774,184,7,1,1
775,184,8,1,1
776,184,7,1,1
777,184,7,1,1
778,184,7,1,1
779,184,9,1,1
780,184,7,1,1
781,184,12,1,1
782,184,8,1,1
783,184,8,1,1
784,184,7,1,1
785,184,7,1,1
786,184,8,1,1
787,184,7,1,1
788,184,7,1,1
789,184,7,1,1
790,184,9,1,1
791,184,8,1,1
792,184,7,1,1
793,184,8,1,1
794,184,7,1,1
795,184,8,1,1
796,184,7,1,1
797,184,7,1,1
798,184,9,1,1
799,184,7,1,1
800,184,7,1,1
801,184,10,1,1
802,184,7,1,1
803,184,7,1,1
804,184,7,1,1
805,184,8,1,1
806,184,8,1,1
807,184,7,1,1
808,184,11,1,1
809,184,11,1,1
810,184,7,1,1
811,184,9,1,1
812,184,9,1,1
813,184,9,1,1
814,184,9,1,1
815,184,9,1,1
816,184,9,1,1
817,184,11,1,1
818,184,8,1,1
819,184,9,1,1
820,184,15,1,1
821,184,8,1,1
822,184,8,1,1
823,184,7,1,1
824,184,7,1,1
825,184,8,1,1
826,184,7,1,1
827,184,7,1,1
828,184,7,1,1
829,184,8,1,1
830,184,7,1,1
831,184,7,1,1
832,184,7,1,1
833,184,11,1,1
834,184,5,1,1
835,184,7,1,1
836,184,15,1,1
837,184,7,1,1
838,184,7,1,1
839,184,7,1,1
840,184,7,1,1
841,184,10,1,1
842,184,7,1,1
843,184,7,1,1
844,184,10,1,1
845,184,9,1,1
846,184,8,1,1
847,184,10,1,1
848,184,10,1,1
849,184,8,1,1
850,184,7,1,1
851,184,7,1,1
852,184,7,1,1
853,184,8,1,1
854,184,7,1,1
855,184,7,1,1
856,184,10,1,1
857,184,15,1,1
858,184,8,1,1
859,184,9,1,1
860,184,7,1,1
861,184,8,1,1
862,184,7,1,1
863,184,9,1,1
864,184,7,1,1
865,184,8,1,1
866,184,7,1,1
867,184,10,1,1
868,184,15,1,1
869,184,7,1,1
870,184,10,1,1
871,184,8,1,1
872,184,15,1,1
873,184,7,1,1
874,184,7,1,1
875,184,7,1,1
876,184,8,1,1
877,184,7,1,1
878,184,7,1,1
879,184,7,1,1
880,184,7,1,1
881,184,7,1,1
882,184,7,1,1
883,184,8,1,1
884,184,7,1,1
885,184,7,1,1
886,184,7,1,1
887,184,7,1,1
888,184,7,1,1
889,184,9,1,1
890,184,8,1,1
891,184,8,1,1
892,184,7,1,1
893,184,11,1,1
894,184,8,1,1
895,184,7,1,1
896,184,15,1,1
897,184,11,1,1
898,184,7,1,1
899,184,13,1,1
900,184,1,1,1
901,184,9,1,1
902,184,8,1,1
903,184,8,1,1
904,184,7,1,1
905,184,8,1,1
906,184,8,1,1
907,184,10,1,1
908,184,7,1,1
909,184,7,1,1
910,184,7,1,1
911,184,8,1,1
912,184,7,1,1
913,184,7,1,1
914,184,11,1,1
915,184,8,1,1
916,184,11,1,1
917,184,9,1,1
918,184,8,1,1
919,184,8,1,1
920,184,7,1,1
921,184,8,1,1
922,184,7,1,1
923,184,8,1,1
924,184,9,1,1
925,184,7,1,1
926,184,8,1,1
927,184,7,1,1
928,184,7,1,1
929,184,7,1,1
930,184,15,1,1
931,184,7,1,1
932,184,8,1,1
933,184,7,1,1
934,184,9,1,1
935,184,7,1,1
936,184,8,1,1
937,184,8,1,1
938,184,7,1,1
939,184,9,1,1
940,184,15,1,1
941,184,7,1,1
942,184,7,1,1
943,184,7,1,1
944,184,7,1,1
945,184,7,1,1
946,184,7,1,1
947,184,8,1,1
948,184,8,1,1
949,184,6,1,1
950,184,7,1,1
951,184,7,1,1
952,184,7,1,1
953,184,8,1,1
954,184,11,1,1
955,184,8,1,1
956,184,7,1,1
957,184,9,1,1
958,184,9,1,1
959,184,8,1,1
960,184,7,1,1
961,184,7,1,1
962,184,7,1,1
963,184,7,1,1
964,184,7,1,1
965,184,8,1,1
966,184,7,1,1
967,184,7,1,1
968,184,8,1,1
969,184,7,1,1
970,184,8,1,1
971,184,8,1,1
972,184,7,1,1
973,184,9,1,1
974,184,8,1,1
975,184,7,1,1
976,184,7,1,1
977,184,8,1,1
978,184,7,1,1
979,184,7,1,1
980,184,8,1,1
981,184,8,1,1
982,184,7,1,1
983,184,7,1,1
984,184,8,1,1
985,184,7,1,1
986,184,7,1,1
987,184,7,1,1
988,184,8,1,1
989,184,7,1,1
990,184,8,1,1
991,184,8,1,1
992,184,7,1,1
993,184,15,1,1
994,184,7,1,1
995,184,7,1,1
996,184,11,1,1
997,184,15,1,1
998,184,9,1,1
999,184,11,1,1
1000,184,5,1,1
1001,184,8,1,1
1002,184,7,1,1
1003,184,8,1,1
1004,184,8,1,1
1005,184,7,1,1
1006,184,8,1,1
1007,184,11,1,1
1008,184,15,1,1
1009,184,7,1,1
1010,184,9,1,1
1011,184,9,1,1
1012,184,8,1,1
1013,184,9,1,1
1014,184,7,1,1
1015,184,9,1,1
1016,184,8,1,1
1017,184,7,1,1
1018,184,8,1,1
1019,184,8,1,1
1020,184,7,1,1
1021,184,8,1,1
1022,184,7,1,1
1023,184,8,1,1
1024,184,8,1,1
1025,184,8,1,1
1026,184,9,1,1
1027,184,7,1,1
1028,184,8,1,1
1029,184,7,1,1
1030,184,8,1,1
1031,184,7,1,1
1032,184,8,1,1
1033,184,7,1,1
1034,184,8,1,1
1035,184,8,1,1
1036,184,7,1,1
1037,184,7,1,1
1038,184,8,1,1
1039,184,8,1,1
1040,184,7,1,1
1041,184,7,1,1
1042,184,7,1,1
1043,184,7,1,1
1044,184,7,1,1
1045,184,8,1,1
1046,184,7,1,1
1047,184,7,1,1
1048,184,8,1,1
1049,184,7,1,1
1050,184,7,1,1
1051,184,8,1,1
1052,184,7,1,1
1053,184,8,1,1
1054,184,10,1,1
1055,184,7,1,1
1056,184,9,1,1
1057,184,7,1,1
1058,184,7,1,1
1059,184,9,1,1
1060,184,9,1,1
1061,184,8,1,1
1062,184,7,1,1
1063,184,7,1,1
1064,184,10,1,1
1065,184,8,1,1
1066,184,7,1,1
1067,184,8,1,1
1068,184,15,1,1
1069,184,8,1,1
1070,184,8,1,1
1071,184,7,1,1
1072,184,9,1,1
1073,184,7,1,1
1074,184,9,1,1
1075,184,8,1,1
1076,184,7,1,1
1077,184,8,1,1
1078,184,7,1,1
1079,184,8,1,1
1080,184,7,1,1
1081,184,8,1,1
1082,184,7,1,1
1083,184,7,1,1
1084,184,7,1,1
1085,184,7,1,1
1086,184,7,1,1
1087,184,8,1,1
1088,184,10,1,1
1089,184,11,1,1
1090,184,11,1,1
1091,184,15,1,1
1092,184,8,1,1
1093,184,10,1,1
1094,184,15,1,1
1095,184,7,1,1
1096,184,15,1,1
1097,184,10,1,1
1098,184,8,1,1
1099,184,8,1,1
1100,184,9,1,1
1101,184,9,1,1
1102,184,8,1,1
1103,184,7,1,1
1104,184,7,1,1
1105,184,7,1,1
1106,184,8,1,1
1107,184,8,1,1
1108,184,11,1,1
1109,184,7,1,1
1110,184,7,1,1
1111,184,7,1,1
1112,184,7,1,1
1113,184,7,1,1
1114,184,7,1,1
1115,184,8,1,1
1116,184,8,1,1
1117,184,8,1,1
1118,184,7,1,1
1119,184,7,1,1
1120,184,7,1,1
1121,184,10,1,1
1122,184,7,1,1
1123,184,7,1,1
1124,184,10,1,1
1125,184,10,1,1
1126,184,8,1,1
1127,184,15,1,1
1128,184,8,1,1
1129,184,8,1,1
1130,184,7,1,1
1131,184,15,1,1
1132,184,15,1,1
1133,184,8,1,1
1134,184,7,1,1
1135,184,8,1,1
1136,184,7,1,1
1137,184,7,1,1
1138,184,8,1,1
1139,184,7,1,1
1140,184,7,1,1
1141,184,11,1,1
1142,184,8,1,1
1143,184,8,1,1
1144,184,7,1,1
1145,184,8,1,1
1146,184,8,1,1
1147,184,7,1,1
1148,184,9,1,1
1149,184,7,1,1
1150,184,8,1,1
1151,184,9,1,1
1152,184,8,1,1
1153,184,9,1,1
1154,184,8,1,1
1155,184,7,1,1
1156,184,8,1,1
1157,184,8,1,1
1158,184,7,1,1
1159,184,7,1,1
1160,184,8,1,1
1161,184,7,1,1
1162,184,8,1,1
1163,184,11,1,1
1164,184,8,1,1
1165,184,8,1,1
1166,184,7,1,1
1167,184,9,1,1
1168,184,7,1,1
1169,184,9,1,1
1170,184,15,1,1
1171,184,7,1,1
1172,184,7,1,1
1173,184,9,1,1
1174,184,7,1,1
1175,184,8,1,1
1176,184,5,1,1
1177,184,7,1,1
1178,184,7,1,1
1179,184,8,1,1
1180,184,7,1,1
1181,184,7,1,1
1182,184,7,1,1
1183,184,9,1,1
1184,184,9,1,1
1185,184,7,1,1
1186,184,7,1,1
1187,184,8,1,1
1188,184,8,1,1
1189,184,8,1,1
1190,184,8,1,1
1191,184,8,1,1
1192,184,8,1,1
1193,184,8,1,1
1194,184,10,1,1
1195,184,15,1,1
1196,184,8,1,1
1197,184,7,1,1
1198,184,8,1,1
1199,184,8,1,1
1200,184,8,1,1
1201,184,8,1,1
1202,184,7,1,1
1203,184,11,1,1
1204,184,8,1,1
1205,184,8,1,1
1206,184,10,1,1
1207,184,8,1,1
1208,184,8,1,1
1209,184,7,1,1
1210,184,8,1,1
1211,184,15,1,1
1212,184,7,1,1
1213,184,9,1,1
1214,184,8,1,1
1215,184,7,1,1
1216,184,7,1,1
1217,184,8,1,1
1218,184,8,1,1
1219,184,7,1,1
1220,184,10,1,1
1221,184,8,1,1
1222,184,7,1,1
1223,184,7,1,1
1224,184,7,1,1
1225,184,8,1,1
1226,184,8,1,1
1227,184,8,1,1
1228,184,7,1,1
1229,184,15,1,1
1230,184,8,1,1
1231,184,7,1,1
1232,184,7,1,1
1233,184,7,1,1
1234,184,7,1,1
1235,184,7,1,1
1236,184,7,1,1
1237,184,8,1,1
1238,184,7,1,1
1239,184,7,1,1
1240,184,7,1,1
1241,184,9,1,1
1242,184,7,1,1
1243,184,10,1,1
1244,184,7,1,1
1245,184,7,1,1
1246,184,7,1,1
1247,184,7,1,1
1248,184,7,1,1
1249,184,8,1,1
1250,184,7,1,1
1251,184,8,1,1
1252,184,7,1,1
1253,184,8,1,1
1254,184,8,1,1
1255,184,7,1,1
1256,184,7,1,1
1257,184,8,1,1
1258,184,7,1,1
1259,184,7,1,1
1260,184,8,1,1
1261,184,8,1,1
1262,184,8,1,1
1263,184,8,1,1
1264,184,8,1,1
1265,184,8,1,1
1266,184,7,1,1
1267,184,10,1,1
1268,184,15,1,1
1269,184,8,1,1
1270,184,8,1,1
1271,184,9,1,1
1272,184,8,1,1
1273,184,9,1,1
1274,184,8,1,1
1275,184,7,1,1
1276,184,7,1,1
1277,184,11,1,1
1278,184,9,1,1
1279,184,9,1,1
1280,184,15,1,1
1281,184,8,1,1
1282,184,8,1,1
1283,184,15,1,1
1284,184,8,1,1
1285,184,7,1,1
1286,184,8,1,1
1287,184,5,1,1
1288,184,7,1,1
1289,184,5,1,1
1290,184,7,1,1
1291,184,7,1,1
1292,184,11,1,1
1293,184,7,1,1
1294,184,9,1,1
1295,184,7,1,1
1296,184,8,1,1
1297,184,7,1,1
1298,184,8,1,1
1299,184,15,1,1
1300,184,9,1,1
1301,184,8,1,1
1302,184,7,1,1
1303,184,8,1,1
1304,184,7,1,1
1305,184,8,1,1
1306,184,7,1,1
1307,184,7,1,1
1308,184,8,1,1
1309,184,8,1,1
1310,184,7,1,1
1311,184,7,1,1
1312,184,8,1,1
1313,184,9,1,1
1314,184,8,1,1
1315,184,9,1,1
1316,184,8,1,1
1317,184,8,1,1
1318,184,7,1,1
1319,184,7,1,1
1320,184,8,1,1
1321,184,8,1,1
1322,184,8,1,1
1323,184,8,1,1
1324,184,9,1,1
1325,184,8,1,1
1326,184,8,1,1
1327,184,9,1,1
1328,184,7,1,1
1329,184,15,1,1
1330,184,8,1,1
1331,184,8,1,1
1332,184,7,1,1
1333,184,10,1,1
1334,184,7,1,1
1335,184,8,1,1
1336,184,7,1,1
1337,184,7,1,1
1338,184,7,1,1
1339,184,8,1,1
1340,184,7,1,1
1341,184,10,1,1
1342,184,9,1,1
1343,184,7,1,1
1344,184,12,1,1
1345,184,13,1,1
1346,184,8,1,1
1347,184,7,1,1
1348,184,8,1,1
1349,184,8,1,1
1350,184,9,1,1
1351,184,8,1,1
1352,184,8,1,1
1353,184,8,1,1
1354,184,8,1,1
1355,184,8,1,1
1356,184,8,1,1
1357,184,9,1,1
1358,184,8,1,1
1359,184,8,1,1
1360,184,15,1,1
1361,184,8,1,1
1362,184,7,1,1
1363,184,7,1,1
1364,184,7,1,1
1365,184,11,1,1
1366,184,10,1,1
1367,184,9,1,1
1368,184,8,1,1
1369,184,9,1,1
1370,184,11,1,1
1371,184,8,1,1
1372,184,9,1,1
1373,184,7,1,1
1374,184,8,1,1
1375,184,9,1,1
1376,184,7,1,1
1377,184,7,1,1
1378,184,9,1,1
1379,184,7,1,1
1380,184,10,1,1
1381,184,8,1,1
1382,184,8,1,1
1383,184,10,1,1
1384,184,7,1,1
1385,184,8,1,1
1386,184,10,1,1
1387,184,10,1,1
1388,184,7,1,1
1389,184,8,1,1
1390,184,8,1,1
1391,184,7,1,1
1392,184,5,1,1
1393,184,8,1,1
1394,184,9,1,1
1395,184,8,1,1
1396,184,10,1,1
1397,184,5,1,1
1398,184,8,1,1
1399,184,12,1,1
1400,184,7,1,1
1401,184,7,1,1
1402,184,7,1,1
1403,184,8,1,1
1404,184,7,1,1
1405,184,9,1,1
1406,184,8,1,1
1407,184,5,1,1
1408,184,9,1,1
1409,184,10,1,1
1410,184,6,1,1
1411,184,5,1,1
1412,184,9,1,1
1413,184,8,1,1
1414,184,9,1,1
1415,184,5,1,1
1416,184,5,1,1
1417,184,9,1,1
1418,184,9,1,1
1419,184,7,1,1
1420,184,8,1,1
1421,184,8,1,1
1422,184,8,1,1
1423,184,8,1,1
1424,184,8,1,1
1425,184,7,1,1
1426,184,9,1,1
1427,184,8,1,1
1428,184,8,1,1
1429,184,8,1,1
1430,184,15,1,1
1431,184,7,1,1
1432,184,8,1,1
1433,184,9,1,1
1434,184,10,1,1
1435,184,9,1,1
1436,184,8,1,1
1437,184,7,1,1
1438,184,8,1,1
1439,184,7,1,1
1440,184,8,1,1
1441,184,8,1,1
1442,184,7,1,1
1443,184,8,1,1
1444,184,7,1,1
1445,184,7,1,1
1446,184,7,1,1
1447,184,7,1,1
1448,184,7,1,1
1449,184,8,1,1
1450,184,8,1,1
1451,184,7,1,1
1452,184,9,1,1
1453,184,15,1,1
1454,184,8,1,1
1455,184,7,1,1
1456,184,8,1,1
1457,184,10,1,1
1458,184,12,1,1
1459,184,15,1,1
1460,184,7,1,1
1461,184,7,1,1
1462,184,8,1,1
1463,184,15,1,1
1464,184,8,1,1
1465,184,15,1,1
1466,184,7,1,1
1467,184,8,1,1
1468,184,8,1,1
1469,184,7,1,1
1470,184,8,1,1
1471,184,8,1,1
1472,184,9,1,1
1473,184,7,1,1
1474,184,8,1,1
1475,184,8,1,1
1476,184,7,1,1
1477,184,9,1,1
1478,184,7,1,1
1479,184,8,1,1
1480,184,7,1,1
1481,184,8,1,1
1482,184,9,1,1
1483,184,5,1,1
1484,184,8,1,1
1485,184,8,1,1
1486,184,8,1,1
1487,184,8,1,1
1488,184,10,1,1
1489,184,8,1,1
1490,184,8,1,1
1491,184,7,1,1
1492,184,9,1,1
1493,184,9,1,1
1494,184,7,1,1
1495,184,8,1,1
1496,184,9,1,1
1497,184,8,1,1
1498,184,13,1,1
1499,184,8,1,1
1500,184,8,1,1
1501,184,8,1,1
1502,184,8,1,1
1503,184,10,1,1
1504,184,8,1,1
1505,184,8,1,1
1506,184,8,1,1
1507,184,8,1,1
1508,184,7,1,1
1509,184,9,1,1
1510,184,7,1,1
1511,184,7,1,1
1512,184,7,1,1
1513,184,8,1,1
1514,184,8,1,1
1515,184,8,1,1
1516,184,9,1,1
1517,184,7,1,1
1518,184,7,1,1
1519,184,8,1,1
1520,184,7,1,1
1521,184,8,1,1
1522,184,15,1,1
1523,184,8,1,1
1524,184,8,1,1
1525,184,7,1,1
1526,184,7,1,1
1527,184,7,1,1
1528,184,8,1,1
1529,184,8,1,1
1530,184,8,1,1
1531,184,10,1,1
1532,184,8,1,1
1533,184,7,1,1
1534,184,8,1,1
1535,184,7,1,1
1536,184,8,1,1
1537,184,11,1,1
1538,184,8,1,1
1539,184,7,1,1
1540,184,8,1,1
1541,184,8,1,1
1542,184,8,1,1
1543,184,8,1,1
1544,184,7,1,1
1545,184,9,1,1
1546,184,7,1,1
1547,184,8,1,1
1548,184,9,1,1
1549,184,7,1,1
1550,184,5,1,1
1551,184,7,1,1
1552,184,7,1,1
1553,184,10,1,1
1554,184,9,1,1
1555,184,8,1,1
1556,184,10,1,1
1557,184,8,1,1
1558,184,7,1,1
1559,184,7,1,1
1560,184,8,1,1
1561,184,9,1,1
1562,184,7,1,1
1563,184,10,1,1
1564,184,7,1,1
1565,184,7,1,1
1566,184,8,1,1
1567,184,10,1,1
1568,184,8,1,1
1569,184,7,1,1
1570,184,7,1,1
1571,184,7,1,1
1572,184,9,1,1
1573,184,9,1,1
1574,184,8,1,1
1575,184,7,1,1
1576,184,8,1,1
1577,184,9,1,1
1578,184,15,1,1
1579,184,12,1,1
1580,184,9,1,1
1581,184,8,1,1
1582,184,7,1,1
1583,184,7,1,1
1584,184,10,1,1
1585,184,9,1,1
1586,184,8,1,1
1587,184,7,1,1
1588,184,12,1,1
1589,184,11,1,1
1590,184,8,1,1
1591,184,8,1,1
1592,184,8,1,1
1593,184,8,1,1
1594,184,7,1,1
1595,184,7,1,1
1596,184,7,1,1
1597,184,10,1,1
1598,184,9,1,1
1599,184,7,1,1
1600,184,8,1,1
1601,184,7,1,1
1602,184,9,1,1
1603,184,8,1,1
1604,184,7,1,1
1605,184,7,1,1
1606,184,8,1,1
1607,184,15,1,1
1608,184,9,1,1
1609,184,7,1,1
1610,184,8,1,1
1611,184,8,1,1
1612,184,7,1,1
1613,184,10,1,1
1614,184,9,1,1
1615,184,7,1,1
1616,184,7,1,1
1617,184,8,1,1
1618,184,9,1,1
1619,184,10,1,1
1620,184,8,1,1
1621,184,7,1,1
1622,184,7,1,1
1623,184,7,1,1
1624,184,10,1,1
1625,184,8,1,1
1626,184,15,1,1
1627,184,8,1,1
1628,184,7,1,1
1629,184,7,1,1
1630,184,11,1,1
1631,184,7,1,1
1632,184,9,1,1
1633,184,11,1,1
1634,184,12,1,1
1635,184,12,1,1
1636,184,7,1,1
1637,184,9,1,1
1638,184,8,1,1
1639,184,8,1,1
1640,184,8,1,1
1641,184,8,1,1
1642,184,9,1,1
1643,184,8,1,1
1644,184,9,1,1
1645,184,8,1,1
1646,184,7,1,1
1647,184,15,1,1
1648,184,8,1,1
1649,184,8,1,1
1650,184,13,1,1
1651,184,7,1,1
1652,184,9,1,1
1653,184,7,1,1
1654,184,7,1,1
1655,184,7,1,1
1656,184,11,1,1
1657,184,9,1,1
1658,184,15,1,1
1659,184,7,1,1
1660,184,8,1,1
1661,184,9,1,1
1662,184,7,1,1
1663,184,8,1,1
1664,184,9,1,1
1665,184,7,1,1
1666,184,8,1,1
1667,184,7,1,1
1668,184,7,1,1
1669,184,8,1,1
1670,184,7,1,1
1671,184,8,1,1
1672,184,8,1,1
1673,184,7,1,1
1674,184,7,1,1
1675,184,8,1,1
1676,184,7,1,1
1677,184,9,1,1
1678,184,8,1,1
1679,184,7,1,1
1680,184,7,1,1
1681,184,15,1,1
1682,184,8,1,1
1683,184,7,1,1
1684,184,7,1,1
1685,184,8,1,1
1686,184,8,1,1
1687,184,15,1,1
1688,184,1,1,1
1689,184,1,1,1
1690,184,1,1,1
1691,184,1,1,1
1692,184,1,1,1
1693,184,1,1,1
1694,184,1,1,1
1695,184,1,1,1
1696,184,1,1,1
1697,184,1,1,1
1698,184,1,1,1
1699,184,1,1,1
1700,185,1,1,1
1701,186,1,1,1
1702,187,1,1,1
1703,187,1,1,1
1704,187,1,1,1
1705,187,1,1,1
1706,188,1,1,1
1707,188,1,1,1
1708,190,1,1,1
1709,190,1,1,1
1710,192,11,1,1
1711,192,7,1,1
1712,192,7,1,1
1713,192,9,1,1
1714,192,1,1,1
1715,193,1,1,1
1716,194,1,1,1
1717,195,1,1,1
1718,195,14,1,1
1719,195,4,1,1
1720,196,1,1,1
1721,197,1,1,1
1722,197,1,1,1
1723,197,1,1,1
1724,199,1,1,1
1725,200,1,1,1
1726,201,1,1,1
1727,202,1,1,1
1728,202,1,1,1
1729,203,1,1,1
1730,203,1,1,1
1731,203,1,1,1
1732,204,1,1,1
1733,207,14,1,1
1734,207,1,1,1
1735,207,1,1,1
1736,208,15,1,1
1737,208,9,1,1
1738,208,1,1,1
1739,209,1,1,1
1740,211,1,1,1
1741,211,1,1,1
1742,211,9,1,1
1743,212,1,1,1
1744,214,7,1,1
1745,214,1,1,1
1746,214,1,1,1
1747,215,1,1,1
1748,215,1,1,1
1749,215,14,1,1
1750,215,1,1,1
1751,215,1,1,1
1752,216,1,1,1
1753,216,1,1,1
1754,217,1,1,1
1755,217,1,1,1
1756,218,1,1,1
1757,218,1,1,1
1758,220,15,1,1
1759,220,15,1,1
1760,222,1,1,1
1761,223,1,1,1
1762,223,1,1,1
1763,225,1,1,1
1764,225,1,1,1
1765,226,1,1,1
1766,227,15,1,1
1767,230,1,1,1
1768,230,1,1,1
1769,231,1,1,1
1770,232,1,1,1
1771,232,1,1,1
1772,233,1,1,1
1773,233,1,1,1
1774,233,1,1,1
1775,234,1,1,1
1776,237,2,1,1
1777,238,1,1,1
1778,238,1,1,1
1779,238,1,1,1
1780,238,1,1,1
1781,239,1,1,1
1782,239,1,1,1
1783,239,1,1,1
1784,240,15,1,1
1785,241,1,1,1
1786,242,1,1,1
1787,242,1,1,1
1788,243,1,1,1
1789,244,1,1,1
1790,244,7,1,1
1791,245,1,1,1
1792,245,1,1,1
1793,245,1,1,1
1794,245,1,1,1
1795,246,1,1,1
1796,247,1,1,1
1797,248,1,1,1
1798,249,1,1,1
1799,250,1,1,1
1800,250,5,1,1
1801,250,3,1,1
1802,252,1,1,1
1803,253,1,1,1
1804,253,1,1,1
1805,253,15,1,1
1806,254,15,1,1
1807,255,1,1,1
1808,257,1,1,1
1809,257,1,1,1
1810,257,15,1,1
1811,257,1,1,1
1812,260,1,1,1
1813,260,1,1,1
1814,261,1,1,1
1815,261,1,1,1
1816,263,15,1,1
1817,263,1,1,1
1818,263,1,1,1
1819,264,1,1,1
1820,264,7,1,1
1821,265,1,1,1
1822,265,9,1,1
1823,266,1,1,1
1824,266,1,1,1
1825,266,1,1,1
1826,266,9,1,1
1827,269,1,1,1
1828,269,1,1,1
1829,272,1,1,1
1830,272,1,1,1
1831,273,15,1,1
1832,273,1,1,1
1833,273,1,1,1
1834,273,1,1,1
1835,274,1,1,1
1836,274,1,1,1
1837,275,1,1,1
1838,275,1,1,1
1839,275,1,1,1
1840,276,1,1,1
1841,276,1,1,1
1842,276,1,1,1
1843,276,1,1,1
1844,276,15,1,1
1845,277,1,1,1
1846,277,1,1,1
1847,277,1,1,1
1848,279,1,1,1
1849,279,1,1,1
1850,280,1,1,1
1851,280,1,1,1
1852,281,1,1,1
1853,282,1,1,1
1854,282,2,1,1
1855,282,1,1,1
1856,284,15,1,1
1857,285,1,1,1
1858,288,1,5,1
1859,288,1,5,1
1860,288,1,5,1
1861,288,1,5,1
1862,288,1,5,1
1863,288,1,5,1
1864,288,1,5,1
1865,288,1,5,1
1866,288,7,1,1
1867,288,1,1,1
1868,290,1,1,1
1869,290,1,1,1
1870,290,1,1,1
1871,290,1,1,1
1872,290,1,1,1
1873,292,1,1,1
1874,292,1,1,1
1875,292,1,1,1
1876,293,1,1,1
1877,294,1,1,1
1878,295,12,1,1
1879,295,1,1,1
1880,295,1,1,1
1881,296,1,1,1
1882,296,1,1,1
1883,297,1,1,1
1884,298,1,1,1
1885,299,1,1,1
1886,300,1,1,1
1887,300,1,1,1
1888,300,1,1,1
1889,301,1,1,1
1890,301,1,1,1
1891,302,1,1,1
1892,302,1,1,1
1893,302,1,1,1
1894,304,4,1,1
1895,304,4,1,1
1896,304,4,1,1
1897,304,5,1,1
1898,305,12,1,1
1899,307,1,1,1
1900,307,1,1,1
1901,308,1,1,1
1902,308,8,1,2
1903,313,1,1,1
1904,313,1,1,1
1905,313,1,1,1
1906,314,1,1,1
1907,315,1,1,1
1908,315,1,1,1
1909,316,12,1,1
1910,316,12,1,1
1911,316,1,1,1
1912,316,1,1,1
1913,316,4,1,1
1914,316,1,1,1
1915,316,1,1,1
1916,318,1,1,1
1917,319,1,1,1
1918,319,1,1,1
1919,319,1,1,1
1920,320,1,1,1
1921,321,1,1,1
1922,321,1,1,1
1923,322,1,1,1
1924,323,1,1,1
1925,323,1,1,1
1926,325,12,1,1
1927,325,1,1,1
1928,327,1,1,1
1929,327,1,1,1
1930,328,1,1,1
1931,329,2,1,1
1932,331,1,1,1
1933,333,1,1,1
1934,334,1,1,1
1935,334,1,1,1
1936,336,15,1,1
1937,336,15,1,1
1938,336,15,1,1
1939,337,1,1,1
1940,337,1,1,1
1941,338,1,1,1
1942,338,1,1,1
1943,339,1,1,1
1944,339,1,1,1
1945,339,1,1,1
1946,340,1,1,1
1947,341,1,1,1
1948,341,1,1,1
1949,341,15,1,1
1950,344,1,1,1
1951,346,1,1,1
1952,348,1,1,1
1953,350,1,1,1
1954,350,1,1,1
1955,350,1,1,1
1956,351,1,1,1
1957,352,1,1,1
1958,353,3,1,1
1959,353,1,1,1
1960,353,1,1,1
1961,354,1,1,1
1962,354,1,1,1
1963,354,1,1,1
1964,355,1,1,1
1965,356,1,1,1
1966,356,1,1,1
1967,356,1,1,1
1968,356,1,1,1
1969,357,15,1,1
1970,358,1,1,1
1971,360,1,1,1
1972,360,1,1,1
1973,360,1,1,1
1974,360,1,1,1
1975,360,1,1,1
1976,360,6,1,1
1977,360,4,1,1
1978,360,4,1,1
1979,360,1,1,1
1980,361,3,1,1
1981,361,1,1,1
1982,361,1,1,1
1983,362,6,1,1
1984,365,3,1,1
1985,365,3,1,1
1986,365,3,1,1
1987,365,3,1,1
1988,365,3,1,1
1989,365,3,1,1
1990,365,3,1,1
1991,365,3,1,1
1992,365,3,1,1
1993,365,2,1,1
1994,365,3,1,1
1995,365,2,1,1
1996,365,1,1,1
1997,365,1,1,1
1998,365,1,1,1
1999,365,3,1,1
2000,365,2,1,1
2001,365,1,1,1
2002,365,1,1,1
2003,365,1,1,1
2004,365,2,1,1
2005,365,1,1,1
2006,365,1,1,1
2007,365,1,1,1
2008,365,2,1,1
2009,365,1,1,1
2010,366,1,1,1
2011,366,1,1,1
2012,366,1,1,1
2013,366,1,1,1
2014,366,1,1,1
2015,366,1,1,1
2016,366,1,1,1
2017,366,1,1,1
2018,366,1,1,1
2019,366,1,1,1
2020,366,1,1,1
2021,366,15,1,1
2022,366,1,1,1
2023,367,1,1,1
2024,367,1,1,1
2025,370,1,1,1
2026,370,1,1,1
2027,370,1,1,1
2028,371,1,1,1
2029,373,7,1,1
2030,375,11,1,1
2031,375,1,1,1
2032,375,1,1,1
2033,375,1,1,1
2034,376,1,1,1
2035,377,3,1,1
2036,377,1,1,1
2037,377,1,1,1
2038,377,1,1,1
2039,377,1,1,1
2040,377,1,1,1
2041,379,4,1,1
2042,379,1,1,1
2043,380,1,1,1
2044,380,1,1,1
2045,380,1,1,1
2046,381,1,1,1
2047,381,1,1,1
2048,381,1,1,1
2049,382,1,1,1
2050,382,1,1,1
2051,382,1,1,1
2052,383,1,1,1
2053,383,1,1,1
2054,385,1,1,1
2055,386,11,1,1
2056,386,1,1,1
2057,390,1,1,1
2058,390,1,1,1
2059,390,1,1,1
2060,390,1,1,1
2061,390,1,1,1
2062,390,1,1,1
2063,390,1,1,1
2064,390,1,1,1
2065,390,1,1,1
2066,390,1,1,1
2067,390,1,1,1
2068,390,1,1,1
2069,390,1,1,1
2070,390,1,1,1
2071,390,1,1,1
2072,390,1,1,1
2073,390,1,1,1
2074,390,1,1,1
2075,390,1,1,1
2076,390,1,1,1
2077,390,1,1,1
2078,390,1,1,1
2079,390,1,1,1
2080,390,1,1,1
2081,390,1,1,1
2082,390,1,1,1
2083,390,1,1,1
2084,390,1,1,1
2085,390,1,1,1
2086,390,1,1,1
2087,390,1,1,1
2088,390,1,1,1
2089,390,1,1,1
2090,390,1,1,1
2091,390,1,1,1
2092,390,1,1,1
2093,390,1,1,1
2094,390,1,1,1
2095,390,1,1,1
2096,390,1,1,1
2097,390,1,1,1
2098,390,1,1,1
2099,390,1,1,1
2100,390,1,1,1
2101,390,1,1,1
2102,390,1,1,1
2103,390,1,1,1
2104,390,1,1,1
2105,390,1,1,1
2106,390,1,1,1
2107,390,1,1,1
2108,390,1,1,1
2109,390,1,1,1
2110,390,1,1,1
2111,390,1,1,1
2112,391,9,1,1
2113,391,1,1,1
2114,394,1,1,1
2115,395,1,1,1
2116,395,11,1,1
2117,396,1,1,1
2118,396,1,1,1
2119,396,1,1,1
2120,397,1,1,1
2121,397,1,1,1
2122,398,15,1,1
2123,398,1,1,1
2124,399,1,1,1
2125,400,5,1,1
2126,400,1,1,1
2127,400,1,1,1
2128,401,1,1,1
2129,401,15,1,1
2130,401,1,1,1
2131,402,1,1,1
2132,402,1,1,1
2133,402,1,1,1
2134,403,15,1,1
2135,404,1,1,1
2136,404,1,1,1
2137,404,1,1,1
2138,404,1,1,1
2139,404,1,1,1
2140,404,1,1,1
2141,404,1,1,1
2142,405,1,1,1
2143,405,5,1,1
2144,405,1,1,1
2145,406,1,1,1
2146,406,1,1,1
2147,406,1,1,1
2148,406,1,1,1
2149,406,1,1,1
2150,406,1,1,1
2151,406,1,1,1
2152,406,1,1,1
2153,406,1,1,1
2154,406,1,1,1
2155,406,1,1,1
2156,406,1,1,1
2157,406,1,1,1
2158,406,1,1,1
2159,406,1,1,1
2160,406,1,1,1
2161,406,1,1,1
2162,406,1,1,1
2163,406,1,1,1
2164,406,1,1,1
2165,406,1,1,1
2166,406,1,1,1
2167,406,1,1,1
2168,406,1,1,1
2169,406,1,1,1
2170,406,1,1,1
2171,406,1,1,1
2172,406,1,1,1
2173,406,1,1,1
2174,406,1,1,1
2175,406,1,1,1
2176,406,1,1,1
2177,406,1,1,1
2178,406,1,1,1
2179,406,1,1,1
2180,406,1,1,1
2181,406,1,1,1
2182,406,1,1,1
2183,406,1,1,1
2184,406,1,1,1
2185,406,1,1,1
2186,406,1,1,1
2187,406,1,1,1
2188,406,1,1,1
2189,406,1,1,1
2190,406,1,1,1
2191,406,1,1,1
2192,406,1,1,1
2193,406,1,1,1
2194,406,1,1,1
2195,406,1,1,1
2196,406,1,1,1
2197,406,1,1,1
2198,406,1,1,1
2199,406,1,1,1
2200,406,10,1,1
2201,406,1,1,1
2202,407,1,1,1
2203,407,1,1,1
2204,407,1,1,1
2205,408,1,1,1
2206,408,1,1,1
2207,409,1,1,1
2208,409,1,1,1
2209,410,1,1,1
2210,411,1,1,1
2211,413,1,1,1
2212,414,6,1,1
2213,414,2,1,1
2214,414,11,1,1
2215,414,15,1,1
2216,417,1,1,1
2217,417,1,1,1
2218,418,1,1,1
2219,419,1,1,1
2220,420,1,1,1
2221,420,3,1,1
2222,421,1,1,1
2223,423,1,1,1
2224,423,1,1,1
2225,425,1,1,1
2226,425,1,1,1
2227,425,1,1,1
2228,425,1,1,1
2229,426,1,1,1
2230,426,1,1,1
2231,427,1,1,1
2232,428,1,1,1
2233,428,1,1,1
2234,428,3,1,1
2235,428,1,1,1
2236,429,1,1,1
2237,429,1,1,1
2238,429,1,1,1
2239,429,1,1,1
2240,429,1,1,1
2241,430,15,1,1
2242,430,15,1,1
2243,430,15,1,1
2244,430,15,1,1
2245,430,15,1,1
2246,430,15,1,1
2247,430,15,1,1
2248,430,15,1,1
2249,430,1,1,1
2250,430,1,1,1
2251,432,1,1,1
2252,432,1,1,1
2253,435,15,1,1
2254,435,15,1,1
2255,435,15,1,1
2256,435,15,1,1
2257,436,1,1,1
2258,438,1,1,1
2259,439,1,1,1
2260,440,1,1,1
2261,441,1,1,1
2262,443,1,1,1
2263,443,2,1,1
2264,443,1,1,1
2265,443,1,1,1
2266,443,1,1,1
2267,443,1,1,1
2268,444,1,1,1
2269,446,1,1,1
2270,447,1,1,1
2271,447,1,1,1
2272,448,1,1,1
2273,448,1,1,1
2274,449,1,1,1
2275,450,1,1,1
2276,450,1,1,1
2277,451,1,1,1
2278,451,1,1,1
2279,451,1,1,1
2280,451,1,1,1
2281,451,1,1,1
2282,452,1,1,1
2283,452,1,1,1
2284,453,1,1,1
2285,456,1,1,1
2286,456,1,1,1
2287,458,1,1,1
2288,458,1,1,1
2289,458,1,1,1
2290,458,1,1,1
2291,458,1,1,1
2292,461,1,1,1
2293,461,1,1,1
2294,462,1,1,1
2295,462,1,1,1
2296,462,1,1,1
2297,463,1,1,1
2298,464,1,1,1
2299,465,1,1,1
2300,465,1,1,1
2301,465,1,1,1
2302,467,1,1,1
2303,467,1,1,1
2304,470,1,1,1
2305,473,1,1,1
2306,473,1,1,1
2307,474,10,1,1
2308,474,4,1,1
2309,474,15,1,1
2310,475,1,1,1
2311,475,1,1,1
2312,477,1,1,1
2313,477,1,1,1
2314,477,4,1,1
2315,477,1,1,1
2316,477,1,1,1
2317,477,1,1,1
2318,477,1,1,1
2319,478,1,1,1
2320,479,1,1,1
2321,481,1,1,1
2322,481,1,1,1
2323,481,1,1,1
2324,482,1,1,1
2325,482,1,1,1
2326,483,1,1,1
2327,483,1,1,1
2328,483,1,1,1
2329,485,1,1,1
2330,486,1,1,1
2331,489,1,1,1
2332,489,1,1,1
2333,490,1,1,1
2334,490,1,1,1
2335,492,1,1,1
2336,493,1,1,1
2337,493,1,1,1
2338,493,1,1,1
2339,493,12,1,1
2340,493,15,1,1
2341,493,1,1,1
2342,493,1,1,1
2343,493,1,1,1
2344,495,11,1,1
2345,495,12,1,1
2346,495,10,1,1
2347,495,10,1,1
2348,495,10,1,1
2349,495,12,1,1
2350,495,10,1,1
2351,495,11,1,1
2352,495,10,1,1
2353,495,12,1,1
2354,495,12,1,1
2355,495,11,1,1
2356,495,10,1,1
2357,495,11,1,1
2358,495,12,1,1
2359,495,12,1,1
2360,495,8,1,1
2361,495,8,1,1
2362,495,8,1,1
2363,495,8,1,1
2364,495,8,1,1
2365,495,8,1,1
2366,495,12,1,1
2367,495,8,1,1
2368,495,8,1,1
2369,495,8,1,1
2370,495,8,1,1
2371,495,8,1,1
2372,495,8,1,1
2373,495,8,1,1
2374,495,8,1,1
2375,495,8,1,1
2376,495,8,1,1
2377,495,8,1,1
2378,495,8,1,1
2379,495,8,1,1
2380,495,8,1,1
2381,495,8,1,1
2382,495,8,1,1
2383,495,8,1,1
2384,495,8,1,1
2385,495,8,1,1
2386,495,8,1,1
2387,495,8,1,1
2388,495,8,1,1
2389,495,8,1,1
2390,495,8,1,1
2391,495,8,1,1
2392,497,1,1,1
2393,498,1,1,1
2394,498,1,1,1
2395,499,1,1,1
2396,499,1,1,1
2397,500,1,1,1
2398,501,1,1,1
2399,501,1,1,1
2400,502,1,1,1
2401,502,1,1,1
2402,503,1,1,1
2403,503,12,1,1
2404,504,15,1,1
2405,504,7,1,1
2406,504,1,1,1
2407,505,1,1,1
2408,505,1,1,1
2409,505,1,1,1
2410,505,1,1,1
2411,505,7,1,1
2412,505,1,1,1
2413,505,15,1,1
2414,505,15,1,1
2415,505,15,1,1
2416,505,15,1,1
2417,505,15,1,1
2418,505,15,1,1
2419,505,15,1,1
2420,505,15,1,1
2421,505,15,1,1
2422,505,15,1,1
2423,505,15,1,1
2424,505,15,1,1
2425,505,15,1,1
2426,505,15,1,1
2427,505,15,1,1
2428,505,15,1,1
2429,505,15,1,1
2430,505,15,1,1
2431,505,15,1,1
2432,505,15,1,1
2433,505,15,1,1
2434,505,15,1,1
2435,505,15,1,1
2436,505,15,1,1
2437,505,15,1,1
2438,505,15,1,1
2439,505,15,1,1
2440,505,15,1,1
2441,505,15,1,1
2442,505,15,1,1
2443,505,15,1,1
2444,505,15,1,1
2445,505,15,1,1
2446,505,15,1,1
2447,505,15,1,1
2448,505,15,1,1
2449,505,15,1,1
2450,505,15,1,1
2451,505,15,1,1
2452,505,15,1,1
2453,505,15,1,1
2454,505,15,1,1
2455,505,15,1,1
2456,505,15,1,1
2457,505,15,1,1
2458,505,15,1,1
2459,505,15,1,1
2460,505,15,1,1
2461,505,15,1,1
2462,505,15,1,1
2463,505,15,1,1
2464,505,15,1,1
2465,505,15,1,1
2466,505,15,1,1
2467,505,15,1,1
2468,505,15,1,1
2469,505,15,1,1
2470,505,15,1,1
2471,505,15,1,1
2472,505,15,1,1
2473,505,15,1,1
2474,505,15,1,1
2475,505,15,1,1
2476,505,15,1,1
2477,505,15,1,1
2478,505,15,1,1
2479,505,15,1,1
2480,505,15,1,1
2481,505,15,1,1
2482,505,15,1,1
2483,505,15,1,1
2484,505,15,1,1
2485,505,15,1,1
2486,505,15,1,1
2487,505,15,1,1
2488,505,15,1,1
2489,505,15,1,1
2490,505,15,1,1
2491,505,15,1,1
2492,505,15,1,1
2493,505,15,1,1
2494,505,15,1,1
2495,505,15,1,1
2496,505,15,1,1
2497,505,15,1,1
2498,505,15,1,1
2499,505,15,1,1
2500,505,15,1,1
2501,505,15,1,1
2502,505,15,1,1
2503,505,15,1,1
2504,505,15,1,1
2505,505,15,1,1
2506,505,15,1,1
2507,505,15,1,1
2508,505,15,1,1
2509,505,15,1,1
2510,505,15,1,1
2511,505,15,1,1
2512,505,15,1,1
2513,505,15,1,1
2514,505,15,1,1
2515,505,15,1,1
2516,505,15,1,1
2517,505,15,1,1
2518,505,15,1,1
2519,505,15,1,1
2520,505,15,1,1
2521,505,15,1,1
2522,505,15,1,1
2523,505,15,1,1
2524,505,15,1,1
2525,505,15,1,1
2526,505,15,1,1
2527,505,15,1,1
2528,505,15,1,1
2529,505,15,1,1
2530,505,15,1,1
2531,505,15,1,1
2532,505,15,1,1
2533,505,15,1,1
2534,505,15,1,1
2535,505,15,1,1
2536,505,15,1,1
2537,505,15,1,1
2538,505,15,1,1
2539,505,15,1,1
2540,505,15,1,1
2541,505,15,1,1
2542,505,15,1,1
2543,505,15,1,1
2544,505,15,1,1
2545,505,15,1,1
2546,505,15,1,1
2547,505,15,1,1
2548,505,15,1,1
2549,505,15,1,1
2550,505,15,1,1
2551,505,15,1,1
2552,505,15,1,1
2553,505,15,1,1
2554,505,15,1,1
2555,505,15,1,1
2556,505,15,1,1
2557,505,15,1,1
2558,505,15,1,1
2559,505,15,1,1
2560,505,15,1,1
2561,505,15,1,1
2562,505,15,1,1
2563,505,15,1,1
2564,505,15,1,1
2565,505,15,1,1
2566,505,15,1,1
2567,505,15,1,1
2568,505,15,1,1
2569,505,15,1,1
2570,505,15,1,1
2571,505,15,1,1
2572,505,15,1,1
2573,505,15,1,1
2574,505,15,1,1
2575,505,15,1,1
2576,505,15,1,1
2577,505,15,1,1
2578,505,15,1,1
2579,505,15,1,1
2580,505,15,1,1
2581,505,15,1,1
2582,505,15,1,1
2583,505,15,1,1
2584,505,15,1,1
2585,505,15,1,1
2586,505,15,1,1
2587,505,15,1,1
2588,505,15,1,1
2589,505,15,1,1
2590,505,15,1,1
2591,505,15,1,1
2592,505,15,1,1
2593,505,15,1,1
2594,505,15,1,1
2595,505,15,1,1
2596,505,15,1,1
2597,505,15,1,1
2598,505,5,1,1
2599,505,1,1,1
2600,507,6,1,1
2601,507,7,1,1
2602,507,7,1,1
2603,507,7,1,1
2604,507,6,1,1
2605,507,7,1,1
2606,507,4,1,1
2607,507,6,1,1
2608,507,5,1,1
2609,507,5,1,1
2610,507,5,1,1
2611,507,7,1,1
2612,507,5,1,1
2613,507,7,1,1
2614,507,5,1,1
2615,507,6,1,1
2616,507,5,1,1
2617,507,4,1,1
2618,507,4,1,1
2619,507,5,1,1
2620,507,5,1,1
2621,507,5,1,1
2622,507,7,1,1
2623,507,5,1,1
2624,507,5,1,1
2625,507,4,1,1
2626,507,4,1,1
2627,507,5,1,1
2628,507,5,1,1
2629,507,5,1,1
2630,507,5,1,1
2631,507,5,1,1
2632,507,5,1,1
2633,507,5,1,1
2634,507,7,1,1
2635,507,5,1,1
2636,507,7,1,1
2637,507,5,1,1
2638,507,6,1,1
2639,507,5,1,1
2640,507,5,1,1
2641,507,5,1,1
2642,507,5,1,1
2643,507,5,1,1
2644,507,5,1,1
2645,507,7,1,1
2646,507,5,1,1
2647,507,5,1,1
2648,507,5,1,1
2649,507,5,1,1
2650,507,5,1,1
2651,507,7,1,1
2652,507,5,1,1
2653,507,5,1,1
2654,507,5,1,1
2655,507,4,1,1
2656,507,5,1,1
2657,507,5,1,1
2658,507,5,1,1
2659,507,4,1,1
2660,507,4,1,1
2661,507,5,1,1
2662,507,5,1,1
2663,507,5,1,1
2664,507,6,1,1
2665,507,5,1,1
2666,507,5,1,1
2667,507,5,1,1
2668,507,5,1,1
2669,507,5,1,1
2670,507,5,1,1
2671,507,5,1,1
2672,507,5,1,1
2673,507,5,1,1
2674,507,5,1,1
2675,507,5,1,1
2676,507,5,1,1
2677,507,5,1,1
2678,507,5,1,1
2679,507,4,1,1
2680,507,5,1,1
2681,507,4,1,1
2682,507,5,1,1
2683,507,4,1,1
2684,507,5,1,1
2685,507,7,1,1
2686,507,4,1,1
2687,507,4,1,1
2688,507,5,1,1
2689,507,5,1,1
2690,507,5,1,1
2691,507,4,1,1
2692,507,5,1,1
2693,507,5,1,1
2694,507,5,1,1
2695,507,4,1,1
2696,507,5,1,1
2697,507,4,1,1
2698,507,7,1,1
2699,507,4,1,1
2700,507,5,1,1
2701,507,4,1,1
2702,507,5,1,1
2703,507,5,1,1
2704,507,5,1,1
2705,507,7,1,1
2706,507,5,1,1
2707,507,5,1,1
2708,507,4,1,1
2709,507,7,1,1
2710,507,6,1,1
2711,507,5,1,1
2712,507,5,1,1
2713,507,7,1,1
2714,507,5,1,1
2715,507,7,1,1
2716,507,4,1,1
2717,507,5,1,1
2718,507,5,1,1
2719,507,5,1,1
2720,507,5,1,1
2721,507,5,1,1
2722,507,5,1,1
2723,507,5,1,1
2724,507,5,1,1
2725,507,5,1,1
2726,507,6,1,1
2727,507,5,1,1
2728,507,5,1,1
2729,507,5,1,1
2730,507,5,1,1
2731,507,5,1,1
2732,507,5,1,1
2733,507,5,1,1
2734,507,4,1,1
2735,507,5,1,1
2736,507,6,1,1
2737,507,5,1,1
2738,507,5,1,1
2739,507,5,1,1
2740,507,5,1,1
2741,507,4,1,1
2742,507,5,1,1
2743,507,5,1,1
2744,507,4,1,1
2745,507,5,1,1
2746,507,5,1,1
2747,507,5,1,1
2748,507,5,1,1
2749,507,6,1,1
2750,507,5,1,1
2751,507,5,1,1
2752,507,5,1,1
2753,507,5,1,1
2754,507,5,1,1
2755,507,5,1,1
2756,507,5,1,1
2757,507,4,1,1
2758,507,5,1,1
2759,507,5,1,1
2760,507,6,1,1
2761,507,5,1,1
2762,507,5,1,1
2763,507,5,1,1
2764,507,5,1,1
2765,507,5,1,1
2766,507,4,1,1
2767,507,4,1,1
2768,507,5,1,1
2769,507,4,1,1
2770,507,5,1,1
2771,507,5,1,1
2772,507,5,1,1
2773,507,5,1,1
2774,507,5,1,1
2775,507,4,1,1
2776,507,5,1,1
2777,507,5,1,1
2778,507,4,1,1
2779,507,5,1,1
2780,507,5,1,1
2781,507,4,1,1
2782,507,5,1,1
2783,507,5,1,1
2784,507,5,1,1
2785,507,5,1,1
2786,507,5,1,1
2787,507,7,1,1
2788,507,6,1,1
2789,507,7,1,1
2790,507,5,1,1
2791,507,5,1,1
2792,507,5,1,1
2793,507,5,1,1
2794,507,5,1,1
2795,507,4,1,1
2796,507,4,1,1
2797,507,5,1,1
2798,507,5,1,1
2799,507,5,1,1
2800,507,1,1,1
2801,507,1,1,1
2802,507,1,1,1
2803,507,1,1,1
2804,507,1,1,1
2805,507,1,1,1
2806,507,1,1,1
2807,507,1,1,1
2808,507,1,1,1
2809,507,1,1,1
2810,507,1,1,1
2811,507,5,1,1
2812,507,4,1,1
2813,507,4,1,1
2814,507,1,1,1
2815,507,4,1,1
2816,507,4,1,1
2817,507,3,1,1
2818,507,3,1,1
2819,507,4,1,1
2820,507,3,1,1
2821,507,3,1,1
2822,507,3,1,1
2823,507,4,1,1
2824,507,4,1,1
2825,507,3,1,1
2826,507,3,1,1
2827,507,3,1,1
2828,507,4,1,1
2829,507,3,1,1
2830,507,4,1,1
2831,507,3,1,1
2832,507,3,1,1
2833,507,3,1,1
2834,507,3,1,1
2835,507,3,1,1
2836,507,4,1,1
2837,507,4,1,1
2838,507,4,1,1
2839,507,3,1,1
2840,507,3,1,1
2841,507,4,1,1
2842,507,3,1,1
2843,507,3,1,1
2844,507,3,1,1
2845,507,3,1,1
2846,507,3,1,1
2847,507,3,1,1
2848,507,3,1,1
2849,507,3,1,1
2850,507,3,1,1
2851,507,3,1,1
2852,507,3,1,1
2853,507,3,1,1
2854,507,3,1,1
2855,507,3,1,1
2856,507,3,1,1
2857,507,3,1,1
2858,507,3,1,1
2859,507,3,1,1
2860,507,3,1,1
2861,507,3,1,1
2862,507,3,1,1
2863,507,3,1,1
2864,507,4,1,1
2865,507,4,1,1
2866,507,3,1,1
2867,507,4,1,1
2868,507,3,1,1
2869,507,3,1,1
2870,507,3,1,1
2871,507,3,1,1
2872,507,3,1,1
2873,507,3,1,1
2874,507,4,1,1
2875,507,3,1,1
2876,507,3,1,1
2877,507,3,1,1
2878,507,3,1,1
2879,507,3,1,1
2880,507,3,1,1
2881,507,3,1,1
2882,507,3,1,1
2883,507,4,1,1
2884,507,3,1,1
2885,507,3,1,1
2886,507,3,1,1
2887,507,3,1,1
2888,507,3,1,1
2889,507,3,1,1
2890,507,4,1,1
2891,507,4,1,1
2892,507,3,1,1
2893,507,3,1,1
2894,507,3,1,1
2895,507,3,1,1
2896,507,3,1,1
2897,507,3,1,1
2898,507,3,1,1
2899,507,3,1,1
2900,507,3,1,1
2901,507,3,1,1
2902,507,3,1,1
2903,507,3,1,1
2904,507,3,1,1
2905,507,3,1,1
2906,507,3,1,1
2907,507,3,1,1
2908,507,3,1,1
2909,507,3,1,1
2910,507,3,1,1
2911,507,3,1,1
2912,507,3,1,1
2913,507,3,1,1
2914,507,3,1,1
2915,507,3,1,1
2916,507,3,1,1
2917,507,3,1,1
2918,507,4,1,1
2919,507,3,1,1
2920,507,3,1,1
2921,507,3,1,1
2922,507,4,1,1
2923,507,3,1,1
2924,507,3,1,1
2925,507,3,1,1
2926,507,3,1,1
2927,507,3,1,1
2928,507,3,1,1
2929,507,3,1,1
2930,507,3,1,1
2931,507,4,1,1
2932,507,3,1,1
2933,507,3,1,1
2934,507,3,1,1
2935,507,3,1,1
2936,507,3,1,1
2937,507,3,1,1
2938,507,3,1,1
2939,507,3,1,1
2940,507,3,1,1
2941,507,3,1,1
2942,507,4,1,1
2943,507,3,1,1
2944,507,3,1,1
2945,507,5,1,1
2946,507,3,1,1
2947,507,3,1,1
2948,507,3,1,1
2949,507,3,1,1
2950,507,3,1,1
2951,507,3,1,1
2952,507,3,1,1
2953,507,4,1,1
2954,507,3,1,1
2955,507,3,1,1
2956,507,4,1,1
2957,507,3,1,1
2958,507,3,1,1
2959,507,3,1,1
2960,507,3,1,1
2961,507,3,1,1
2962,507,3,1,1
2963,507,3,1,1
2964,507,3,1,1
2965,507,3,1,1
2966,507,3,1,1
2967,507,3,1,1
2968,507,3,1,1
2969,507,3,1,1
2970,507,3,1,1
2971,507,3,1,1
2972,507,3,1,1
2973,507,3,1,1
2974,507,3,1,1
2975,507,3,1,1
2976,507,3,1,1
2977,507,3,1,1
2978,507,3,1,1
2979,507,4,1,1
2980,507,3,1,1
2981,507,3,1,1
2982,507,4,1,1
2983,507,3,1,1
2984,507,3,1,1
2985,507,3,1,1
2986,507,3,1,1
2987,507,3,1,1
2988,507,3,1,1
2989,507,3,1,1
2990,507,3,1,1
2991,507,3,1,1
2992,507,3,1,1
2993,507,3,1,1
2994,507,3,1,1
2995,507,3,1,1
2996,507,4,1,1
2997,507,3,1,1
2998,507,3,1,1
2999,507,3,1,1
